GEO.id,Id
GEO.id2,Id2
GEO.display-label,Geography
POPGROUP.id,Id
POPGROUP.display-label,Population Group
EST_VC03,Estimate; TOTAL NUMBER OF RACES REPORTED - Total population
MOE_VC03,Margin of Error; TOTAL NUMBER OF RACES REPORTED - Total population
EST_VC04,Estimate; TOTAL NUMBER OF RACES REPORTED - Total population - One race
MOE_VC04,Margin of Error; TOTAL NUMBER OF RACES REPORTED - Total population - One race
EST_VC05,Estimate; TOTAL NUMBER OF RACES REPORTED - Total population - Two races
MOE_VC05,Margin of Error; TOTAL NUMBER OF RACES REPORTED - Total population - Two races
EST_VC06,Estimate; TOTAL NUMBER OF RACES REPORTED - Total population - Three races
MOE_VC06,Margin of Error; TOTAL NUMBER OF RACES REPORTED - Total population - Three races
EST_VC07,Estimate; TOTAL NUMBER OF RACES REPORTED - Total population - Four or more races
MOE_VC07,Margin of Error; TOTAL NUMBER OF RACES REPORTED - Total population - Four or more races
EST_VC11,Estimate; SEX AND AGE - Total population
MOE_VC11,Margin of Error; SEX AND AGE - Total population
EST_VC13,Estimate; SEX AND AGE - Total population - Female
MOE_VC13,Margin of Error; SEX AND AGE - Total population - Female
EST_VC30,Estimate; SEX AND AGE - 18 years and over
MOE_VC30,Margin of Error; SEX AND AGE - 18 years and over
EST_VC31,Estimate; SEX AND AGE - 21 years and over
MOE_VC31,Margin of Error; SEX AND AGE - 21 years and over
EST_VC32,Estimate; SEX AND AGE - 62 years and over
MOE_VC32,Margin of Error; SEX AND AGE - 62 years and over
EST_VC33,Estimate; SEX AND AGE - 65 years and over
MOE_VC33,Margin of Error; SEX AND AGE - 65 years and over
EST_VC36,Estimate; SEX AND AGE - Under 18 years
MOE_VC36,Margin of Error; SEX AND AGE - Under 18 years
EST_VC41,Estimate; SEX AND AGE - 18 years and over
MOE_VC41,Margin of Error; SEX AND AGE - 18 years and over
EST_VC42,Estimate; SEX AND AGE - 18 years and over - Male
MOE_VC42,Margin of Error; SEX AND AGE - 18 years and over - Male
EST_VC43,Estimate; SEX AND AGE - 18 years and over - Female
MOE_VC43,Margin of Error; SEX AND AGE - 18 years and over - Female
EST_VC46,Estimate; SEX AND AGE - 18 to 34 years
MOE_VC46,Margin of Error; SEX AND AGE - 18 to 34 years
EST_VC48,Estimate; SEX AND AGE - 18 to 34 years - Female
MOE_VC48,Margin of Error; SEX AND AGE - 18 to 34 years - Female
EST_VC51,Estimate; SEX AND AGE - 35 to 64 years
MOE_VC51,Margin of Error; SEX AND AGE - 35 to 64 years
EST_VC53,Estimate; SEX AND AGE - 35 to 64 years - Female
MOE_VC53,Margin of Error; SEX AND AGE - 35 to 64 years - Female
EST_VC56,Estimate; SEX AND AGE - 65 years and over
MOE_VC56,Margin of Error; SEX AND AGE - 65 years and over
EST_VC58,Estimate; SEX AND AGE - 65 years and over - Female
MOE_VC58,Margin of Error; SEX AND AGE - 65 years and over - Female
EST_VC62,Estimate; RELATIONSHIP - Population in households
MOE_VC62,Margin of Error; RELATIONSHIP - Population in households
EST_VC71,Estimate; HOUSEHOLDS BY TYPE - Households
MOE_VC71,Margin of Error; HOUSEHOLDS BY TYPE - Households
EST_VC72,Estimate; HOUSEHOLDS BY TYPE - Households - Family households
MOE_VC72,Margin of Error; HOUSEHOLDS BY TYPE - Households - Family households
EST_VC73,Estimate; HOUSEHOLDS BY TYPE - Households - Family households - With own children of the householder under 18 years
MOE_VC73,Margin of Error; HOUSEHOLDS BY TYPE - Households - Family households - With own children of the householder under 18 years
EST_VC74,Estimate; HOUSEHOLDS BY TYPE - Households - Family households - Married-couple family
MOE_VC74,Margin of Error; HOUSEHOLDS BY TYPE - Households - Family households - Married-couple family
EST_VC75,Estimate; HOUSEHOLDS BY TYPE - Households - Family households - Married-couple family - With own children of the householder under 18 years
MOE_VC75,Margin of Error; HOUSEHOLDS BY TYPE - Households - Family households - Married-couple family - With own children of the householder under 18 years
EST_VC76,"Estimate; HOUSEHOLDS BY TYPE - Households - Family households - Female householder, no husband present, family"
MOE_VC76,"Margin of Error; HOUSEHOLDS BY TYPE - Households - Family households - Female householder, no husband present, family"
EST_VC77,"Estimate; HOUSEHOLDS BY TYPE - Households - Family households - Female householder, no husband present, family - With own children of the householder under 18 years"
MOE_VC77,"Margin of Error; HOUSEHOLDS BY TYPE - Households - Family households - Female householder, no husband present, family - With own children of the householder under 18 years"
EST_VC78,Estimate; HOUSEHOLDS BY TYPE - Households - Nonfamily households
MOE_VC78,Margin of Error; HOUSEHOLDS BY TYPE - Households - Nonfamily households
EST_VC79,Estimate; HOUSEHOLDS BY TYPE - Households - Nonfamily households - Male householder
MOE_VC79,Margin of Error; HOUSEHOLDS BY TYPE - Households - Nonfamily households - Male householder
EST_VC80,Estimate; HOUSEHOLDS BY TYPE - Households - Nonfamily households - Male householder - Living alone
MOE_VC80,Margin of Error; HOUSEHOLDS BY TYPE - Households - Nonfamily households - Male householder - Living alone
EST_VC81,Estimate; HOUSEHOLDS BY TYPE - Households - Nonfamily households - Male householder - Not living alone
MOE_VC81,Margin of Error; HOUSEHOLDS BY TYPE - Households - Nonfamily households - Male householder - Not living alone
EST_VC82,Estimate; HOUSEHOLDS BY TYPE - Households - Nonfamily households - Female householder
MOE_VC82,Margin of Error; HOUSEHOLDS BY TYPE - Households - Nonfamily households - Female householder
EST_VC83,Estimate; HOUSEHOLDS BY TYPE - Households - Nonfamily households - Female householder - Living alone
MOE_VC83,Margin of Error; HOUSEHOLDS BY TYPE - Households - Nonfamily households - Female householder - Living alone
EST_VC84,Estimate; HOUSEHOLDS BY TYPE - Households - Nonfamily households - Female householder - Not living alone
MOE_VC84,Margin of Error; HOUSEHOLDS BY TYPE - Households - Nonfamily households - Female householder - Not living alone
EST_VC87,Estimate; HOUSEHOLDS BY TYPE - Average household size
MOE_VC87,Margin of Error; HOUSEHOLDS BY TYPE - Average household size
EST_VC88,Estimate; HOUSEHOLDS BY TYPE - Average family size
MOE_VC88,Margin of Error; HOUSEHOLDS BY TYPE - Average family size
EST_VC92,Estimate; MARITAL STATUS - Population 15 years and over
MOE_VC92,Margin of Error; MARITAL STATUS - Population 15 years and over
EST_VC100,Estimate; MARITAL STATUS - Male 15 years and over
MOE_VC100,Margin of Error; MARITAL STATUS - Male 15 years and over
EST_VC108,Estimate; MARITAL STATUS - Female 15 years and over
MOE_VC108,Margin of Error; MARITAL STATUS - Female 15 years and over
EST_VC109,"Estimate; MARITAL STATUS - Female 15 years and over - Now married, except separated"
MOE_VC109,"Margin of Error; MARITAL STATUS - Female 15 years and over - Now married, except separated"
EST_VC110,Estimate; MARITAL STATUS - Female 15 years and over - Widowed
MOE_VC110,Margin of Error; MARITAL STATUS - Female 15 years and over - Widowed
EST_VC111,Estimate; MARITAL STATUS - Female 15 years and over - Divorced
MOE_VC111,Margin of Error; MARITAL STATUS - Female 15 years and over - Divorced
EST_VC112,Estimate; MARITAL STATUS - Female 15 years and over - Separated
MOE_VC112,Margin of Error; MARITAL STATUS - Female 15 years and over - Separated
EST_VC113,Estimate; MARITAL STATUS - Female 15 years and over - Never married
MOE_VC113,Margin of Error; MARITAL STATUS - Female 15 years and over - Never married
EST_VC117,Estimate; SCHOOL ENROLLMENT - Population 3 years and over enrolled in school
MOE_VC117,Margin of Error; SCHOOL ENROLLMENT - Population 3 years and over enrolled in school
EST_VC118,"Estimate; SCHOOL ENROLLMENT - Population 3 years and over enrolled in school - Nursery school, preschool"
MOE_VC118,"Margin of Error; SCHOOL ENROLLMENT - Population 3 years and over enrolled in school - Nursery school, preschool"
EST_VC119,Estimate; SCHOOL ENROLLMENT - Population 3 years and over enrolled in school - Kindergarten
MOE_VC119,Margin of Error; SCHOOL ENROLLMENT - Population 3 years and over enrolled in school - Kindergarten
EST_VC120,Estimate; SCHOOL ENROLLMENT - Population 3 years and over enrolled in school - Elementary school (grades 1-8)
MOE_VC120,Margin of Error; SCHOOL ENROLLMENT - Population 3 years and over enrolled in school - Elementary school (grades 1-8)
EST_VC121,Estimate; SCHOOL ENROLLMENT - Population 3 years and over enrolled in school - High school (grades 9-12)
MOE_VC121,Margin of Error; SCHOOL ENROLLMENT - Population 3 years and over enrolled in school - High school (grades 9-12)
EST_VC122,Estimate; SCHOOL ENROLLMENT - Population 3 years and over enrolled in school - College or graduate school
MOE_VC122,Margin of Error; SCHOOL ENROLLMENT - Population 3 years and over enrolled in school - College or graduate school
EST_VC125,Estimate; SCHOOL ENROLLMENT - Male 3 years and over enrolled in school
MOE_VC125,Margin of Error; SCHOOL ENROLLMENT - Male 3 years and over enrolled in school
EST_VC126,Estimate; SCHOOL ENROLLMENT - Male 3 years and over enrolled in school - Percent enrolled in kindergarten to grade 12
MOE_VC126,Margin of Error; SCHOOL ENROLLMENT - Male 3 years and over enrolled in school - Percent enrolled in kindergarten to grade 12
EST_VC127,Estimate; SCHOOL ENROLLMENT - Male 3 years and over enrolled in school - Percent enrolled in college or graduate school
MOE_VC127,Margin of Error; SCHOOL ENROLLMENT - Male 3 years and over enrolled in school - Percent enrolled in college or graduate school
EST_VC128,Estimate; SCHOOL ENROLLMENT - Female 3 years and over enrolled in school
MOE_VC128,Margin of Error; SCHOOL ENROLLMENT - Female 3 years and over enrolled in school
EST_VC129,Estimate; SCHOOL ENROLLMENT - Female 3 years and over enrolled in school - Percent enrolled in kindergarten to grade 12
MOE_VC129,Margin of Error; SCHOOL ENROLLMENT - Female 3 years and over enrolled in school - Percent enrolled in kindergarten to grade 12
EST_VC130,Estimate; SCHOOL ENROLLMENT - Female 3 years and over enrolled in school - Percent enrolled in college or graduate school
MOE_VC130,Margin of Error; SCHOOL ENROLLMENT - Female 3 years and over enrolled in school - Percent enrolled in college or graduate school
EST_VC134,Estimate; EDUCATIONAL ATTAINMENT - Population 25 years and over
MOE_VC134,Margin of Error; EDUCATIONAL ATTAINMENT - Population 25 years and over
EST_VC135,Estimate; EDUCATIONAL ATTAINMENT - Population 25 years and over - Less than high school diploma
MOE_VC135,Margin of Error; EDUCATIONAL ATTAINMENT - Population 25 years and over - Less than high school diploma
EST_VC136,Estimate; EDUCATIONAL ATTAINMENT - Population 25 years and over - High school graduate (includes equivalency)
MOE_VC136,Margin of Error; EDUCATIONAL ATTAINMENT - Population 25 years and over - High school graduate (includes equivalency)
EST_VC137,Estimate; EDUCATIONAL ATTAINMENT - Population 25 years and over - Some college or associate's degree
MOE_VC137,Margin of Error; EDUCATIONAL ATTAINMENT - Population 25 years and over - Some college or associate's degree
EST_VC138,Estimate; EDUCATIONAL ATTAINMENT - Population 25 years and over - Bachelor's degree
MOE_VC138,Margin of Error; EDUCATIONAL ATTAINMENT - Population 25 years and over - Bachelor's degree
EST_VC139,Estimate; EDUCATIONAL ATTAINMENT - Population 25 years and over - Graduate or professional degree
MOE_VC139,Margin of Error; EDUCATIONAL ATTAINMENT - Population 25 years and over - Graduate or professional degree
EST_VC142,Estimate; EDUCATIONAL ATTAINMENT - High school graduate or higher
MOE_VC142,Margin of Error; EDUCATIONAL ATTAINMENT - High school graduate or higher
EST_VC143,"Estimate; EDUCATIONAL ATTAINMENT - High school graduate or higher - Male, high school graduate or higher"
MOE_VC143,"Margin of Error; EDUCATIONAL ATTAINMENT - High school graduate or higher - Male, high school graduate or higher"
EST_VC144,"Estimate; EDUCATIONAL ATTAINMENT - High school graduate or higher - Female, high school graduate or higher"
MOE_VC144,"Margin of Error; EDUCATIONAL ATTAINMENT - High school graduate or higher - Female, high school graduate or higher"
EST_VC145,Estimate; EDUCATIONAL ATTAINMENT - Bachelor's degree or higher
MOE_VC145,Margin of Error; EDUCATIONAL ATTAINMENT - Bachelor's degree or higher
EST_VC146,"Estimate; EDUCATIONAL ATTAINMENT - Bachelor's degree or higher - Male, bachelor's degree or higher"
MOE_VC146,"Margin of Error; EDUCATIONAL ATTAINMENT - Bachelor's degree or higher - Male, bachelor's degree or higher"
EST_VC147,"Estimate; EDUCATIONAL ATTAINMENT - Bachelor's degree or higher - Female, bachelor's degree or higher"
MOE_VC147,"Margin of Error; EDUCATIONAL ATTAINMENT - Bachelor's degree or higher - Female, bachelor's degree or higher"
EST_VC158,Estimate; RESPONSIBILITY FOR GRANDCHILDREN UNDER 18 YEARS - Population 30 years and over
MOE_VC158,Margin of Error; RESPONSIBILITY FOR GRANDCHILDREN UNDER 18 YEARS - Population 30 years and over
EST_VC159,Estimate; RESPONSIBILITY FOR GRANDCHILDREN UNDER 18 YEARS - Population 30 years and over - Grandparents living with grandchild(ren)
MOE_VC159,Margin of Error; RESPONSIBILITY FOR GRANDCHILDREN UNDER 18 YEARS - Population 30 years and over - Grandparents living with grandchild(ren)
EST_VC160,Estimate; RESPONSIBILITY FOR GRANDCHILDREN UNDER 18 YEARS - Population 30 years and over - Grandparents living with grandchild(ren) - Grandparents responsible for grandchildren as a percentage of living with grandchildren
MOE_VC160,Margin of Error; RESPONSIBILITY FOR GRANDCHILDREN UNDER 18 YEARS - Population 30 years and over - Grandparents living with grandchild(ren) - Grandparents responsible for grandchildren as a percentage of living with grandchildren
EST_VC164,Estimate; VETERAN STATUS - Civilian population 18 years and over
MOE_VC164,Margin of Error; VETERAN STATUS - Civilian population 18 years and over
EST_VC165,Estimate; VETERAN STATUS - Civilian population 18 years and over - Civilian veteran
MOE_VC165,Margin of Error; VETERAN STATUS - Civilian population 18 years and over - Civilian veteran
EST_VC169,Estimate; DISABILITY STATUS - Total civilian noninstitutionalized population
MOE_VC169,Margin of Error; DISABILITY STATUS - Total civilian noninstitutionalized population
EST_VC170,Estimate; DISABILITY STATUS - Total civilian noninstitutionalized population - With a disability
MOE_VC170,Margin of Error; DISABILITY STATUS - Total civilian noninstitutionalized population - With a disability
EST_VC173,Estimate; DISABILITY STATUS - Civilian noninstitutionalized population under 18 years
MOE_VC173,Margin of Error; DISABILITY STATUS - Civilian noninstitutionalized population under 18 years
EST_VC174,Estimate; DISABILITY STATUS - Civilian noninstitutionalized population under 18 years - With a disability
MOE_VC174,Margin of Error; DISABILITY STATUS - Civilian noninstitutionalized population under 18 years - With a disability
EST_VC177,Estimate; DISABILITY STATUS - Civilian noninstitutionalized population 18 to 64 years
MOE_VC177,Margin of Error; DISABILITY STATUS - Civilian noninstitutionalized population 18 to 64 years
EST_VC178,Estimate; DISABILITY STATUS - Civilian noninstitutionalized population 18 to 64 years - With a disability
MOE_VC178,Margin of Error; DISABILITY STATUS - Civilian noninstitutionalized population 18 to 64 years - With a disability
EST_VC181,Estimate; DISABILITY STATUS - Civilian noninstitutionalized population 65 years and older
MOE_VC181,Margin of Error; DISABILITY STATUS - Civilian noninstitutionalized population 65 years and older
EST_VC182,Estimate; DISABILITY STATUS - Civilian noninstitutionalized population 65 years and older - With a disability
MOE_VC182,Margin of Error; DISABILITY STATUS - Civilian noninstitutionalized population 65 years and older - With a disability
EST_VC186,Estimate; RESIDENCE 1 YEAR AGO - Population 1 year and over
MOE_VC186,Margin of Error; RESIDENCE 1 YEAR AGO - Population 1 year and over
EST_VC187,Estimate; RESIDENCE 1 YEAR AGO - Population 1 year and over - Same house
MOE_VC187,Margin of Error; RESIDENCE 1 YEAR AGO - Population 1 year and over - Same house
EST_VC188,Estimate; RESIDENCE 1 YEAR AGO - Population 1 year and over - Different house in the U.S.
MOE_VC188,Margin of Error; RESIDENCE 1 YEAR AGO - Population 1 year and over - Different house in the U.S.
EST_VC189,Estimate; RESIDENCE 1 YEAR AGO - Population 1 year and over - Different house in the U.S. - Same county
MOE_VC189,Margin of Error; RESIDENCE 1 YEAR AGO - Population 1 year and over - Different house in the U.S. - Same county
EST_VC190,Estimate; RESIDENCE 1 YEAR AGO - Population 1 year and over - Different house in the U.S. - Different county
MOE_VC190,Margin of Error; RESIDENCE 1 YEAR AGO - Population 1 year and over - Different house in the U.S. - Different county
EST_VC191,Estimate; RESIDENCE 1 YEAR AGO - Population 1 year and over - Different house in the U.S. - Different county - Same state
MOE_VC191,Margin of Error; RESIDENCE 1 YEAR AGO - Population 1 year and over - Different house in the U.S. - Different county - Same state
EST_VC192,Estimate; RESIDENCE 1 YEAR AGO - Population 1 year and over - Different house in the U.S. - Different county - Different state
MOE_VC192,Margin of Error; RESIDENCE 1 YEAR AGO - Population 1 year and over - Different house in the U.S. - Different county - Different state
EST_VC193,Estimate; RESIDENCE 1 YEAR AGO - Population 1 year and over - Abroad
MOE_VC193,Margin of Error; RESIDENCE 1 YEAR AGO - Population 1 year and over - Abroad
EST_VC197,"Estimate; PLACE OF BIRTH, CITIZENSHIP STATUS AND YEAR OF ENTRY - Native"
MOE_VC197,"Margin of Error; PLACE OF BIRTH, CITIZENSHIP STATUS AND YEAR OF ENTRY - Native"
EST_VC198,"Estimate; PLACE OF BIRTH, CITIZENSHIP STATUS AND YEAR OF ENTRY - Native - Male"
MOE_VC198,"Margin of Error; PLACE OF BIRTH, CITIZENSHIP STATUS AND YEAR OF ENTRY - Native - Male"
EST_VC199,"Estimate; PLACE OF BIRTH, CITIZENSHIP STATUS AND YEAR OF ENTRY - Native - Female"
MOE_VC199,"Margin of Error; PLACE OF BIRTH, CITIZENSHIP STATUS AND YEAR OF ENTRY - Native - Female"
EST_VC201,"Estimate; PLACE OF BIRTH, CITIZENSHIP STATUS AND YEAR OF ENTRY - Foreign born"
MOE_VC201,"Margin of Error; PLACE OF BIRTH, CITIZENSHIP STATUS AND YEAR OF ENTRY - Foreign born"
EST_VC202,"Estimate; PLACE OF BIRTH, CITIZENSHIP STATUS AND YEAR OF ENTRY - Foreign born - Male"
MOE_VC202,"Margin of Error; PLACE OF BIRTH, CITIZENSHIP STATUS AND YEAR OF ENTRY - Foreign born - Male"
EST_VC203,"Estimate; PLACE OF BIRTH, CITIZENSHIP STATUS AND YEAR OF ENTRY - Foreign born - Female"
MOE_VC203,"Margin of Error; PLACE OF BIRTH, CITIZENSHIP STATUS AND YEAR OF ENTRY - Foreign born - Female"
EST_VC206,"Estimate; PLACE OF BIRTH, CITIZENSHIP STATUS AND YEAR OF ENTRY - Foreign born; naturalized U.S. citizen"
MOE_VC206,"Margin of Error; PLACE OF BIRTH, CITIZENSHIP STATUS AND YEAR OF ENTRY - Foreign born; naturalized U.S. citizen"
EST_VC207,"Estimate; PLACE OF BIRTH, CITIZENSHIP STATUS AND YEAR OF ENTRY - Foreign born; naturalized U.S. citizen - Male"
MOE_VC207,"Margin of Error; PLACE OF BIRTH, CITIZENSHIP STATUS AND YEAR OF ENTRY - Foreign born; naturalized U.S. citizen - Male"
EST_VC208,"Estimate; PLACE OF BIRTH, CITIZENSHIP STATUS AND YEAR OF ENTRY - Foreign born; naturalized U.S. citizen - Female"
MOE_VC208,"Margin of Error; PLACE OF BIRTH, CITIZENSHIP STATUS AND YEAR OF ENTRY - Foreign born; naturalized U.S. citizen - Female"
EST_VC211,"Estimate; PLACE OF BIRTH, CITIZENSHIP STATUS AND YEAR OF ENTRY - Foreign born; not a U.S. citizen"
MOE_VC211,"Margin of Error; PLACE OF BIRTH, CITIZENSHIP STATUS AND YEAR OF ENTRY - Foreign born; not a U.S. citizen"
EST_VC212,"Estimate; PLACE OF BIRTH, CITIZENSHIP STATUS AND YEAR OF ENTRY - Foreign born; not a U.S. citizen - Male"
MOE_VC212,"Margin of Error; PLACE OF BIRTH, CITIZENSHIP STATUS AND YEAR OF ENTRY - Foreign born; not a U.S. citizen - Male"
EST_VC213,"Estimate; PLACE OF BIRTH, CITIZENSHIP STATUS AND YEAR OF ENTRY - Foreign born; not a U.S. citizen - Female"
MOE_VC213,"Margin of Error; PLACE OF BIRTH, CITIZENSHIP STATUS AND YEAR OF ENTRY - Foreign born; not a U.S. citizen - Female"
EST_VC215,"Estimate; PLACE OF BIRTH, CITIZENSHIP STATUS AND YEAR OF ENTRY - Population born outside the United States"
MOE_VC215,"Margin of Error; PLACE OF BIRTH, CITIZENSHIP STATUS AND YEAR OF ENTRY - Population born outside the United States"
EST_VC216,"Estimate; PLACE OF BIRTH, CITIZENSHIP STATUS AND YEAR OF ENTRY - Population born outside the United States - Entered 2010 or later"
MOE_VC216,"Margin of Error; PLACE OF BIRTH, CITIZENSHIP STATUS AND YEAR OF ENTRY - Population born outside the United States - Entered 2010 or later"
EST_VC217,"Estimate; PLACE OF BIRTH, CITIZENSHIP STATUS AND YEAR OF ENTRY - Population born outside the United States - Entered 2000 to 2009"
MOE_VC217,"Margin of Error; PLACE OF BIRTH, CITIZENSHIP STATUS AND YEAR OF ENTRY - Population born outside the United States - Entered 2000 to 2009"
EST_VC218,"Estimate; PLACE OF BIRTH, CITIZENSHIP STATUS AND YEAR OF ENTRY - Population born outside the United States - Entered before 2000"
MOE_VC218,"Margin of Error; PLACE OF BIRTH, CITIZENSHIP STATUS AND YEAR OF ENTRY - Population born outside the United States - Entered before 2000"
EST_VC222,Estimate; WORLD REGION OF BIRTH OF FOREIGN BORN - Foreign-born population excluding population born at sea
MOE_VC222,Margin of Error; WORLD REGION OF BIRTH OF FOREIGN BORN - Foreign-born population excluding population born at sea
EST_VC223,Estimate; WORLD REGION OF BIRTH OF FOREIGN BORN - Foreign-born population excluding population born at sea - Europe
MOE_VC223,Margin of Error; WORLD REGION OF BIRTH OF FOREIGN BORN - Foreign-born population excluding population born at sea - Europe
EST_VC224,Estimate; WORLD REGION OF BIRTH OF FOREIGN BORN - Foreign-born population excluding population born at sea - Asia
MOE_VC224,Margin of Error; WORLD REGION OF BIRTH OF FOREIGN BORN - Foreign-born population excluding population born at sea - Asia
EST_VC225,Estimate; WORLD REGION OF BIRTH OF FOREIGN BORN - Foreign-born population excluding population born at sea - Africa
MOE_VC225,Margin of Error; WORLD REGION OF BIRTH OF FOREIGN BORN - Foreign-born population excluding population born at sea - Africa
EST_VC226,Estimate; WORLD REGION OF BIRTH OF FOREIGN BORN - Foreign-born population excluding population born at sea - Oceania
MOE_VC226,Margin of Error; WORLD REGION OF BIRTH OF FOREIGN BORN - Foreign-born population excluding population born at sea - Oceania
EST_VC227,Estimate; WORLD REGION OF BIRTH OF FOREIGN BORN - Foreign-born population excluding population born at sea - Latin America
MOE_VC227,Margin of Error; WORLD REGION OF BIRTH OF FOREIGN BORN - Foreign-born population excluding population born at sea - Latin America
EST_VC228,Estimate; WORLD REGION OF BIRTH OF FOREIGN BORN - Foreign-born population excluding population born at sea - Northern America
MOE_VC228,Margin of Error; WORLD REGION OF BIRTH OF FOREIGN BORN - Foreign-born population excluding population born at sea - Northern America
EST_VC232,Estimate; LANGUAGE SPOKEN AT HOME AND ABILITY TO SPEAK ENGLISH - Population 5 years and over
MOE_VC232,Margin of Error; LANGUAGE SPOKEN AT HOME AND ABILITY TO SPEAK ENGLISH - Population 5 years and over
EST_VC233,Estimate; LANGUAGE SPOKEN AT HOME AND ABILITY TO SPEAK ENGLISH - Population 5 years and over - English only
MOE_VC233,Margin of Error; LANGUAGE SPOKEN AT HOME AND ABILITY TO SPEAK ENGLISH - Population 5 years and over - English only
EST_VC234,Estimate; LANGUAGE SPOKEN AT HOME AND ABILITY TO SPEAK ENGLISH - Population 5 years and over - Language other than English
MOE_VC234,Margin of Error; LANGUAGE SPOKEN AT HOME AND ABILITY TO SPEAK ENGLISH - Population 5 years and over - Language other than English
EST_VC235,"Estimate; LANGUAGE SPOKEN AT HOME AND ABILITY TO SPEAK ENGLISH - Population 5 years and over - Language other than English - Speak English less than ""very well"""
MOE_VC235,"Margin of Error; LANGUAGE SPOKEN AT HOME AND ABILITY TO SPEAK ENGLISH - Population 5 years and over - Language other than English - Speak English less than ""very well"""
EST_VC239,Estimate; EMPLOYMENT STATUS - Population 16 years and over
MOE_VC239,Margin of Error; EMPLOYMENT STATUS - Population 16 years and over
EST_VC240,Estimate; EMPLOYMENT STATUS - Population 16 years and over - In labor force
MOE_VC240,Margin of Error; EMPLOYMENT STATUS - Population 16 years and over - In labor force
EST_VC241,Estimate; EMPLOYMENT STATUS - Population 16 years and over - In labor force - Civilian labor force
MOE_VC241,Margin of Error; EMPLOYMENT STATUS - Population 16 years and over - In labor force - Civilian labor force
EST_VC242,Estimate; EMPLOYMENT STATUS - Population 16 years and over - In labor force - Civilian labor force - Employed
MOE_VC242,Margin of Error; EMPLOYMENT STATUS - Population 16 years and over - In labor force - Civilian labor force - Employed
EST_VC243,Estimate; EMPLOYMENT STATUS - Population 16 years and over - In labor force - Civilian labor force - Unemployed
MOE_VC243,Margin of Error; EMPLOYMENT STATUS - Population 16 years and over - In labor force - Civilian labor force - Unemployed
EST_VC244,Estimate; EMPLOYMENT STATUS - Population 16 years and over - In labor force - Civilian labor force - Unemployed - Unemployment Rate
MOE_VC244,Margin of Error; EMPLOYMENT STATUS - Population 16 years and over - In labor force - Civilian labor force - Unemployed - Unemployment Rate
EST_VC245,Estimate; EMPLOYMENT STATUS - Population 16 years and over - In labor force - Armed Forces
MOE_VC245,Margin of Error; EMPLOYMENT STATUS - Population 16 years and over - In labor force - Armed Forces
EST_VC246,Estimate; EMPLOYMENT STATUS - Population 16 years and over - Not in labor force
MOE_VC246,Margin of Error; EMPLOYMENT STATUS - Population 16 years and over - Not in labor force
EST_VC248,Estimate; EMPLOYMENT STATUS - Females 16 years and over
MOE_VC248,Margin of Error; EMPLOYMENT STATUS - Females 16 years and over
EST_VC249,Estimate; EMPLOYMENT STATUS - Females 16 years and over - In labor force
MOE_VC249,Margin of Error; EMPLOYMENT STATUS - Females 16 years and over - In labor force
EST_VC250,Estimate; EMPLOYMENT STATUS - Females 16 years and over - In labor force - Civilian labor force
MOE_VC250,Margin of Error; EMPLOYMENT STATUS - Females 16 years and over - In labor force - Civilian labor force
EST_VC251,Estimate; EMPLOYMENT STATUS - Females 16 years and over - In labor force - Civilian labor force - Employed
MOE_VC251,Margin of Error; EMPLOYMENT STATUS - Females 16 years and over - In labor force - Civilian labor force - Employed
EST_VC252,Estimate; EMPLOYMENT STATUS - Females 16 years and over - In labor force - Civilian labor force - Unemployed
MOE_VC252,Margin of Error; EMPLOYMENT STATUS - Females 16 years and over - In labor force - Civilian labor force - Unemployed
EST_VC253,Estimate; EMPLOYMENT STATUS - Females 16 years and over - In labor force - Civilian labor force - Unemployed - Unemployment Rate
MOE_VC253,Margin of Error; EMPLOYMENT STATUS - Females 16 years and over - In labor force - Civilian labor force - Unemployed - Unemployment Rate
EST_VC268,Estimate; OCCUPATION - Civilian employed population 16 years and over
MOE_VC268,Margin of Error; OCCUPATION - Civilian employed population 16 years and over
EST_VC276,Estimate; OCCUPATION - Male civilian employed population 16 years and over
MOE_VC276,Margin of Error; OCCUPATION - Male civilian employed population 16 years and over
EST_VC284,Estimate; OCCUPATION - Female civilian employed population 16 years and over
MOE_VC284,Margin of Error; OCCUPATION - Female civilian employed population 16 years and over
EST_VC293,Estimate; INDUSTRY - Civilian employed population 16 years and over
MOE_VC293,Margin of Error; INDUSTRY - Civilian employed population 16 years and over
EST_VC310,Estimate; CLASS OF WORKER - Civilian employed population 16 years and over
MOE_VC310,Margin of Error; CLASS OF WORKER - Civilian employed population 16 years and over
EST_VC318,Estimate; INCOME IN THE PAST 12 MONTHS (IN 2017 INFLATION-ADJUSTED DOLLARS) - Households
MOE_VC318,Margin of Error; INCOME IN THE PAST 12 MONTHS (IN 2017 INFLATION-ADJUSTED DOLLARS) - Households
EST_VC319,Estimate; INCOME IN THE PAST 12 MONTHS (IN 2017 INFLATION-ADJUSTED DOLLARS) - Households - Median household income (dollars)
MOE_VC319,Margin of Error; INCOME IN THE PAST 12 MONTHS (IN 2017 INFLATION-ADJUSTED DOLLARS) - Households - Median household income (dollars)
EST_VC322,Estimate; INCOME IN THE PAST 12 MONTHS (IN 2017 INFLATION-ADJUSTED DOLLARS) - With earnings
MOE_VC322,Margin of Error; INCOME IN THE PAST 12 MONTHS (IN 2017 INFLATION-ADJUSTED DOLLARS) - With earnings
EST_VC323,Estimate; INCOME IN THE PAST 12 MONTHS (IN 2017 INFLATION-ADJUSTED DOLLARS) - With earnings - Mean earnings (dollars)
MOE_VC323,Margin of Error; INCOME IN THE PAST 12 MONTHS (IN 2017 INFLATION-ADJUSTED DOLLARS) - With earnings - Mean earnings (dollars)
EST_VC324,Estimate; INCOME IN THE PAST 12 MONTHS (IN 2017 INFLATION-ADJUSTED DOLLARS) - With Social Security income
MOE_VC324,Margin of Error; INCOME IN THE PAST 12 MONTHS (IN 2017 INFLATION-ADJUSTED DOLLARS) - With Social Security income
EST_VC325,Estimate; INCOME IN THE PAST 12 MONTHS (IN 2017 INFLATION-ADJUSTED DOLLARS) - With Social Security income - Mean Social Security income (dollars)
MOE_VC325,Margin of Error; INCOME IN THE PAST 12 MONTHS (IN 2017 INFLATION-ADJUSTED DOLLARS) - With Social Security income - Mean Social Security income (dollars)
EST_VC326,Estimate; INCOME IN THE PAST 12 MONTHS (IN 2017 INFLATION-ADJUSTED DOLLARS) - With Supplemental Security Income
MOE_VC326,Margin of Error; INCOME IN THE PAST 12 MONTHS (IN 2017 INFLATION-ADJUSTED DOLLARS) - With Supplemental Security Income
EST_VC327,Estimate; INCOME IN THE PAST 12 MONTHS (IN 2017 INFLATION-ADJUSTED DOLLARS) - With Supplemental Security Income - Mean Supplemental Security Income (dollars)
MOE_VC327,Margin of Error; INCOME IN THE PAST 12 MONTHS (IN 2017 INFLATION-ADJUSTED DOLLARS) - With Supplemental Security Income - Mean Supplemental Security Income (dollars)
EST_VC328,Estimate; INCOME IN THE PAST 12 MONTHS (IN 2017 INFLATION-ADJUSTED DOLLARS) - With cash public assistance income
MOE_VC328,Margin of Error; INCOME IN THE PAST 12 MONTHS (IN 2017 INFLATION-ADJUSTED DOLLARS) - With cash public assistance income
EST_VC329,Estimate; INCOME IN THE PAST 12 MONTHS (IN 2017 INFLATION-ADJUSTED DOLLARS) - With cash public assistance income - Mean cash public assistance income (dollars)
MOE_VC329,Margin of Error; INCOME IN THE PAST 12 MONTHS (IN 2017 INFLATION-ADJUSTED DOLLARS) - With cash public assistance income - Mean cash public assistance income (dollars)
EST_VC330,Estimate; INCOME IN THE PAST 12 MONTHS (IN 2017 INFLATION-ADJUSTED DOLLARS) - With retirement income
MOE_VC330,Margin of Error; INCOME IN THE PAST 12 MONTHS (IN 2017 INFLATION-ADJUSTED DOLLARS) - With retirement income
EST_VC331,Estimate; INCOME IN THE PAST 12 MONTHS (IN 2017 INFLATION-ADJUSTED DOLLARS) - With retirement income - Mean retirement income (dollars)
MOE_VC331,Margin of Error; INCOME IN THE PAST 12 MONTHS (IN 2017 INFLATION-ADJUSTED DOLLARS) - With retirement income - Mean retirement income (dollars)
EST_VC332,Estimate; INCOME IN THE PAST 12 MONTHS (IN 2017 INFLATION-ADJUSTED DOLLARS) - With Food Stamp/SNAP benefits
MOE_VC332,Margin of Error; INCOME IN THE PAST 12 MONTHS (IN 2017 INFLATION-ADJUSTED DOLLARS) - With Food Stamp/SNAP benefits
EST_VC334,Estimate; INCOME IN THE PAST 12 MONTHS (IN 2017 INFLATION-ADJUSTED DOLLARS) - Families
MOE_VC334,Margin of Error; INCOME IN THE PAST 12 MONTHS (IN 2017 INFLATION-ADJUSTED DOLLARS) - Families
EST_VC335,Estimate; INCOME IN THE PAST 12 MONTHS (IN 2017 INFLATION-ADJUSTED DOLLARS) - Families - Median family income (dollars)
MOE_VC335,Margin of Error; INCOME IN THE PAST 12 MONTHS (IN 2017 INFLATION-ADJUSTED DOLLARS) - Families - Median family income (dollars)
EST_VC336,Estimate; INCOME IN THE PAST 12 MONTHS (IN 2017 INFLATION-ADJUSTED DOLLARS) - Families - Median family income (dollars) - Married-couple family
MOE_VC336,Margin of Error; INCOME IN THE PAST 12 MONTHS (IN 2017 INFLATION-ADJUSTED DOLLARS) - Families - Median family income (dollars) - Married-couple family
EST_VC337,Estimate; INCOME IN THE PAST 12 MONTHS (IN 2017 INFLATION-ADJUSTED DOLLARS) - Families - Median income (dollars)
MOE_VC337,Margin of Error; INCOME IN THE PAST 12 MONTHS (IN 2017 INFLATION-ADJUSTED DOLLARS) - Families - Median income (dollars)
EST_VC338,"Estimate; INCOME IN THE PAST 12 MONTHS (IN 2017 INFLATION-ADJUSTED DOLLARS) - Families - Median income (dollars) - Male householder, no spouse present, family"
MOE_VC338,"Margin of Error; INCOME IN THE PAST 12 MONTHS (IN 2017 INFLATION-ADJUSTED DOLLARS) - Families - Median income (dollars) - Male householder, no spouse present, family"
EST_VC339,Estimate; INCOME IN THE PAST 12 MONTHS (IN 2017 INFLATION-ADJUSTED DOLLARS) - Families - Median income (dollars)
MOE_VC339,Margin of Error; INCOME IN THE PAST 12 MONTHS (IN 2017 INFLATION-ADJUSTED DOLLARS) - Families - Median income (dollars)
EST_VC340,"Estimate; INCOME IN THE PAST 12 MONTHS (IN 2017 INFLATION-ADJUSTED DOLLARS) - Families - Median income (dollars) - Female householder, no husband present, family"
MOE_VC340,"Margin of Error; INCOME IN THE PAST 12 MONTHS (IN 2017 INFLATION-ADJUSTED DOLLARS) - Families - Median income (dollars) - Female householder, no husband present, family"
EST_VC341,Estimate; INCOME IN THE PAST 12 MONTHS (IN 2017 INFLATION-ADJUSTED DOLLARS) - Families - Median income (dollars)
MOE_VC341,Margin of Error; INCOME IN THE PAST 12 MONTHS (IN 2017 INFLATION-ADJUSTED DOLLARS) - Families - Median income (dollars)
EST_VC343,Estimate; INCOME IN THE PAST 12 MONTHS (IN 2017 INFLATION-ADJUSTED DOLLARS) - Individuals
MOE_VC343,Margin of Error; INCOME IN THE PAST 12 MONTHS (IN 2017 INFLATION-ADJUSTED DOLLARS) - Individuals
EST_VC344,Estimate; INCOME IN THE PAST 12 MONTHS (IN 2017 INFLATION-ADJUSTED DOLLARS) - Individuals - Per capita income (dollars)
MOE_VC344,Margin of Error; INCOME IN THE PAST 12 MONTHS (IN 2017 INFLATION-ADJUSTED DOLLARS) - Individuals - Per capita income (dollars)
EST_VC348,"Estimate; INCOME IN THE PAST 12 MONTHS (IN 2017 INFLATION-ADJUSTED DOLLARS) - With earnings for full-time, year-round workers: - Male"
MOE_VC348,"Margin of Error; INCOME IN THE PAST 12 MONTHS (IN 2017 INFLATION-ADJUSTED DOLLARS) - With earnings for full-time, year-round workers: - Male"
EST_VC349,"Estimate; INCOME IN THE PAST 12 MONTHS (IN 2017 INFLATION-ADJUSTED DOLLARS) - With earnings for full-time, year-round workers: - Female"
MOE_VC349,"Margin of Error; INCOME IN THE PAST 12 MONTHS (IN 2017 INFLATION-ADJUSTED DOLLARS) - With earnings for full-time, year-round workers: - Female"
EST_VC351,"Estimate; INCOME IN THE PAST 12 MONTHS (IN 2017 INFLATION-ADJUSTED DOLLARS) - Mean earnings (dollars) for full-time, year-round workers: - Male"
MOE_VC351,"Margin of Error; INCOME IN THE PAST 12 MONTHS (IN 2017 INFLATION-ADJUSTED DOLLARS) - Mean earnings (dollars) for full-time, year-round workers: - Male"
EST_VC352,"Estimate; INCOME IN THE PAST 12 MONTHS (IN 2017 INFLATION-ADJUSTED DOLLARS) - Mean earnings (dollars) for full-time, year-round workers: - Female"
MOE_VC352,"Margin of Error; INCOME IN THE PAST 12 MONTHS (IN 2017 INFLATION-ADJUSTED DOLLARS) - Mean earnings (dollars) for full-time, year-round workers: - Female"
EST_VC354,"Estimate; INCOME IN THE PAST 12 MONTHS (IN 2017 INFLATION-ADJUSTED DOLLARS) - Median earnings (dollars) full-time, year-round workers: - Male"
MOE_VC354,"Margin of Error; INCOME IN THE PAST 12 MONTHS (IN 2017 INFLATION-ADJUSTED DOLLARS) - Median earnings (dollars) full-time, year-round workers: - Male"
EST_VC355,"Estimate; INCOME IN THE PAST 12 MONTHS (IN 2017 INFLATION-ADJUSTED DOLLARS) - Median earnings (dollars) full-time, year-round workers: - Female"
MOE_VC355,"Margin of Error; INCOME IN THE PAST 12 MONTHS (IN 2017 INFLATION-ADJUSTED DOLLARS) - Median earnings (dollars) full-time, year-round workers: - Female"
EST_VC359,Estimate; HEALTH INSURANCE COVERAGE - Civilian noninstitutionalized population
MOE_VC359,Margin of Error; HEALTH INSURANCE COVERAGE - Civilian noninstitutionalized population
EST_VC366,Estimate; POVERTY RATES FOR FAMILIES AND PEOPLE FOR WHOM POVERTY STATUS IS DETERMINED - All families
MOE_VC366,Margin of Error; POVERTY RATES FOR FAMILIES AND PEOPLE FOR WHOM POVERTY STATUS IS DETERMINED - All families
EST_VC376,Estimate; POVERTY RATES FOR FAMILIES AND PEOPLE FOR WHOM POVERTY STATUS IS DETERMINED - All people
MOE_VC376,Margin of Error; POVERTY RATES FOR FAMILIES AND PEOPLE FOR WHOM POVERTY STATUS IS DETERMINED - All people
EST_VC389,Estimate; HOUSING TENURE - Occupied housing units
MOE_VC389,Margin of Error; HOUSING TENURE - Occupied housing units
EST_VC399,Estimate; UNITS IN STRUCTURE - Occupied housing units
MOE_VC399,Margin of Error; UNITS IN STRUCTURE - Occupied housing units
EST_VC407,Estimate; YEAR STRUCTURE BUILT - Occupied housing units
MOE_VC407,Margin of Error; YEAR STRUCTURE BUILT - Occupied housing units
EST_VC418,Estimate; VEHICLES AVAILABLE - Occupied housing units
MOE_VC418,Margin of Error; VEHICLES AVAILABLE - Occupied housing units
EST_VC424,Estimate; HOUSE HEATING FUEL - Occupied housing units
MOE_VC424,Margin of Error; HOUSE HEATING FUEL - Occupied housing units
EST_VC432,Estimate; SELECTED CHARACTERISTICS - Occupied housing units
MOE_VC432,Margin of Error; SELECTED CHARACTERISTICS - Occupied housing units
EST_VC438,Estimate; SELECTED MONTHLY OWNER COSTS AS A PERCENTAGE OF HOUSEHOLD INCOME IN THE PAST 12 MONTHS - Housing units with a mortgage (excluding units where SMOC cannot be computed)
MOE_VC438,Margin of Error; SELECTED MONTHLY OWNER COSTS AS A PERCENTAGE OF HOUSEHOLD INCOME IN THE PAST 12 MONTHS - Housing units with a mortgage (excluding units where SMOC cannot be computed)
EST_VC444,Estimate; OWNER CHARACTERISTICS - Owner-occupied housing units
MOE_VC444,Margin of Error; OWNER CHARACTERISTICS - Owner-occupied housing units
EST_VC451,Estimate; GROSS RENT AS A PERCENTAGE OF HOUSEHOLD INCOME IN THE PAST 12 MONTHS - Occupied units paying rent (excluding units where GRAPI cannot be computed)
MOE_VC451,Margin of Error; GROSS RENT AS A PERCENTAGE OF HOUSEHOLD INCOME IN THE PAST 12 MONTHS - Occupied units paying rent (excluding units where GRAPI cannot be computed)
EST_VC457,Estimate; GROSS RENT - Occupied units paying rent
MOE_VC457,Margin of Error; GROSS RENT - Occupied units paying rent
EST_VC462,Estimate; COMPUTERS AND INTERNET USE - Total households
MOE_VC462,Margin of Error; COMPUTERS AND INTERNET USE - Total households
